{
    "accuracy": 0.8642674731182796, 
    "recall": 0.6367641129032258, 
    "loss": 5.916262531280518, 
    "precision": 0.8237578405017921, 
    "f1": 0.6859317687241074
}