{
    "accuracy": 0.7000873655913978, 
    "recall": 0.6115759408602149, 
    "loss": 6.211183854072325, 
    "precision": 0.45643425179211466, 
    "f1": 0.48501832117255506
}