{
    "accuracy": 0.7816502463054187, 
    "recall": 0.21209975369458128, 
    "loss": 0.4432010229291587, 
    "precision": 0.4223316912972085, 
    "f1": 0.26709000410509026
}