{
    "accuracy": 0.8313909774436091, 
    "recall": 0.7715564954051797, 
    "loss": 0.38152049298872026, 
    "precision": 0.6577563700918962, 
    "f1": 0.6729194073296516
}