{
    "accuracy": 0.838186553030303, 
    "recall": 0.8658301767676767, 
    "loss": 0.27863720522233937, 
    "precision": 0.7025182066197692, 
    "f1": 0.7498704368022548
}