{
    "accuracy": 0.7635096153846155, 
    "recall": 0.09461939102564103, 
    "loss": 0.686754435300827, 
    "precision": 0.2605769230769231, 
    "f1": 0.1335496794871795
}