{
    "accuracy": 0.7189650809716598, 
    "recall": 0.35067898110661266, 
    "loss": 0.6745167531465229, 
    "precision": 0.4196609311740891, 
    "f1": 0.3605022170811644
}