{
    "accuracy": 0.7368800607287449, 
    "recall": 0.17826206140350873, 
    "loss": 0.6681952382388868, 
    "precision": 0.42889676113360325, 
    "f1": 0.23987854251012145
}