{
    "accuracy": 0.7257205513784463, 
    "recall": 0.7682631056808689, 
    "loss": 0.7053098061628509, 
    "precision": 0.48247180451127814, 
    "f1": 0.5608930264945302
}