{
    "accuracy": 0.8627584586466166, 
    "recall": 0.7294773391812865, 
    "loss": 0.3150620308884403, 
    "precision": 0.7341087092731828, 
    "f1": 0.7026294881323076
}