{
    "accuracy": 0.9150841346153845, 
    "recall": 0.8076482371794872, 
    "loss": 0.23844307087934935, 
    "precision": 0.8947245592948718, 
    "f1": 0.8294059472845531
}