{
    "accuracy": 0.9156009615384615, 
    "recall": 0.8039022435897434, 
    "loss": 0.24125564012389916, 
    "precision": 0.9040845352564101, 
    "f1": 0.8313339958652457
}