{
    "loss": 0.7552195306007679, 
    "accuracy": 0.7519230769230769
}