{
    "accuracy": 0.6837562656641604, 
    "recall": 0.7100668337510442, 
    "loss": 2.2661409712674323, 
    "precision": 0.4229336361737677, 
    "f1": 0.5007325820413226
}