{
    "accuracy": 0.8732299498746868, 
    "recall": 0.5727404448621555, 
    "loss": 0.3122243225051646, 
    "precision": 0.7886421783625731, 
    "f1": 0.638739768568246
}