{
    "accuracy": 0.8410289923954373, 
    "recall": 0.6225938688212928, 
    "loss": 5.975272098874864, 
    "precision": 0.7717898447401774, 
    "f1": 0.6541736450600518
}