{
    "accuracy": 0.7184134615384615, 
    "recall": 0.6695833333333334, 
    "loss": 0.5294021606445313, 
    "precision": 0.44297275641025646, 
    "f1": 0.5032182400932401
}