{
    "loss": 0.3423059210181236, 
    "accuracy": 0.8985576923076923
}