{
    "loss": 0.36871025934815405, 
    "accuracy": 0.8689903846153847
}