{
    "accuracy": 0.9196213942307693, 
    "recall": 0.8071013621794871, 
    "loss": 0.22435596871834534, 
    "precision": 0.9161408253205128, 
    "f1": 0.8394976334429459
}