{
    "accuracy": 0.9233774038461539, 
    "recall": 0.8046875, 
    "loss": 0.21674815765940225, 
    "precision": 0.9268672733516484, 
    "f1": 0.8423724062395936
}