{
    "accuracy": 0.9065689718934913, 
    "recall": 0.7755354721400394, 
    "loss": 0.25550827785180164, 
    "precision": 0.8989753935967879, 
    "f1": 0.8103682742204377
}