{
    "accuracy": 0.8989663461538461, 
    "recall": 0.7285616987179488, 
    "loss": 0.27256964433651704, 
    "precision": 0.8925910027472527, 
    "f1": 0.778104282869908
}