{
    "accuracy": 0.7806034482758621, 
    "recall": 0.18922157224958944, 
    "loss": 0.44055404642532614, 
    "precision": 0.37935396141215105, 
    "f1": 0.2400006841817187
}