{
    "accuracy": 0.8063942307692308, 
    "recall": 0.41904246794871797, 
    "loss": 0.42514185011386874, 
    "precision": 0.5410176282051282, 
    "f1": 0.44267676767676767
}