{
    "accuracy": 0.8856619623655914, 
    "recall": 0.6863295250896058, 
    "loss": 5.85679245302754, 
    "precision": 0.8564868951612904, 
    "f1": 0.7352881784434204
}