{
    "loss": 0.31458046212792395, 
    "accuracy": 0.9016826923076924
}