{
    "loss": 0.29300801679491995, 
    "accuracy": 0.9110576923076923
}