{
    "accuracy": 0.8170454545454545, 
    "recall": 0.8741871843434343, 
    "loss": 0.2906844026663087, 
    "precision": 0.6541909985269361, 
    "f1": 0.7213157410245479
}