{
    "loss": 0.7743465781211853, 
    "accuracy": 0.7581730769230769
}