{
    "loss": 0.23896131653768513, 
    "accuracy": 0.9266826923076923
}