{
    "loss": 0.23448266382687366, 
    "accuracy": 0.9296875
}