{
    "accuracy": 0.84060960591133, 
    "recall": 0.4163690476190477, 
    "loss": 0.3551400252457323, 
    "precision": 0.6417359400656815, 
    "f1": 0.4825345511767925
}