{
    "accuracy": 0.5566105769230769, 
    "recall": 0.5109214743589743, 
    "loss": NaN, 
    "precision": 0.2691746794871795, 
    "f1": 0.330615512959263
}