{
    "accuracy": 0.5366105769230769, 
    "recall": 0.5857171474358974, 
    "loss": 9798726144.0, 
    "precision": 0.28233173076923085, 
    "f1": 0.3611874236874236
}