{
    "recall": 1.0, 
    "loss": 0.6527291857279264, 
    "precision": 0.780448717948718, 
    "accuracy": 0.780448717948718
}