{
    "loss": 1.1057032971427991, 
    "accuracy": 0.6263221153846155
}