{
    "loss": 1.1091820609111052, 
    "accuracy": 0.6341346153846155
}