{
    "accuracy": 0.8831216397849462, 
    "recall": 0.6805902777777777, 
    "loss": 5.865435500298777, 
    "precision": 0.8599781586021505, 
    "f1": 0.7317026689708142
}