{
    "accuracy": 0.8095766129032258, 
    "recall": 0.5572384632616487, 
    "loss": 6.055457719679802, 
    "precision": 0.6563116039426523, 
    "f1": 0.5687664010496671
}