{
    "recall": 0.953327922077922, 
    "loss": 0.4464858060791379, 
    "precision": 0.8134469696969697, 
    "accuracy": 0.7993777056277056
}