{
    "loss": 0.2585315343279105, 
    "accuracy": 0.9229382396449703
}