{
    "loss": 0.2484900836761181, 
    "accuracy": 0.9241401627218935
}