{
    "accuracy": 0.8463362068965514, 
    "recall": 0.5432522577996716, 
    "loss": 0.34839167266056453, 
    "precision": 0.6850908251231528, 
    "f1": 0.581053297755884
}