{
    "accuracy": 0.8701704545454545, 
    "recall": 0.7415877525252524, 
    "loss": 5.855241491939083, 
    "precision": 0.8139480744949495, 
    "f1": 0.746068008958634
}