{
    "loss": 0.40554220974445343, 
    "accuracy": 0.8595138888888888
}