{
    "loss": 0.40954662263393404, 
    "accuracy": 0.8782638888888888
}