{
    "accuracy": 0.7288461538461538, 
    "recall": 0.13783653846153845, 
    "loss": 0.69334117770195, 
    "precision": 0.36658653846153844, 
    "f1": 0.19165064102564106
}