{
    "accuracy": 0.9145913461538462, 
    "recall": 0.7938461538461539, 
    "loss": 0.23844008520245552, 
    "precision": 0.9053631524725275, 
    "f1": 0.8255184572372074
}