{
    "accuracy": 0.7015591910207539, 
    "recall": 0.5933242446703374, 
    "loss": 6.222892312264351, 
    "precision": 0.45635472131461646, 
    "f1": 0.4800260195590565
}