{
    "accuracy": 0.7052387759423971, 
    "recall": 0.44969579450797675, 
    "loss": 6.288196564326595, 
    "precision": 0.4421038931243823, 
    "f1": 0.41078493170496033
}