{
    "loss": 0.3014804504525203, 
    "accuracy": 0.9080528846153846
}