{
    "loss": 0.30869938920323664, 
    "accuracy": 0.901303624260355
}