{
    "loss": 1.0736915290355682, 
    "accuracy": 0.5841346153846154
}