{
    "loss": 1.0798233538866042, 
    "accuracy": 0.6076923076923076
}