{
    "loss": 0.31914404407143593, 
    "accuracy": 0.896875
}