{
    "loss": 0.32248527407646177, 
    "accuracy": 0.903125
}