{
    "loss": 0.32945500016212464, 
    "accuracy": 0.9054166666666668
}