{
    "accuracy": 0.8958894230769231, 
    "recall": 0.7223517628205127, 
    "loss": 0.2754472984144321, 
    "precision": 0.8749459134615385, 
    "f1": 0.7670922046703297
}