{
    "accuracy": 0.8964903846153848, 
    "recall": 0.722139423076923, 
    "loss": 0.2756841922035584, 
    "precision": 0.885546875, 
    "f1": 0.770222477175602
}