{
    "accuracy": 0.8892058062130178, 
    "recall": 0.6982656866370808, 
    "loss": 0.2893615055542726, 
    "precision": 0.87790695882643, 
    "f1": 0.7524945874104527
}