{
    "accuracy": 0.887389053254438, 
    "recall": 0.6957601392998026, 
    "loss": 0.29552702147227067, 
    "precision": 0.8678631964990137, 
    "f1": 0.7478407576664787
}