{
    "accuracy": 0.7735683497536946, 
    "recall": 0.7124281609195401, 
    "loss": 0.45325702737117635, 
    "precision": 0.5288433908045976, 
    "f1": 0.579357326786514
}