{
    "loss": 0.20558584710726371, 
    "accuracy": 0.9417067307692307
}