{
    "loss": 0.22267310178050628, 
    "accuracy": 0.9239182692307693
}