{
    "loss": 0.26704375757477605, 
    "accuracy": 0.9086538461538461
}