{
    "loss": 0.28039252274454785, 
    "accuracy": 0.9164663461538461
}